alpha,gamma,beta,p_frac,m,n
0.9911088095837627,0.11214194904062358,0.8724899433884911,0.33180355532181066,3072,3072
0.9868607814688819,0.11373169249673117,0.8736235210556438,0.3212685341932512,3072,3786
0.9947465087231426,0.11807849644703083,0.8752979505123241,0.32099931278813987,3072,4500
0.9831726163781179,0.11630298326884543,0.8751741347110326,0.3226681392354932,3072,5214
0.9958653537508352,0.11202416516366524,0.8752471008438449,0.3209857089907357,3072,5929
0.9865782731483014,0.11341735801846815,0.8723543710824858,0.30661181118431163,3072,6643
0.9970785243941855,0.11475687476439927,0.8719417674390879,0.2728550329456165,3072,7357
0.994998651472049,0.035989056353860224,0.8712541307069165,0.3051088870369564,3072,8072
0.9984594758224462,0.11583111085145979,0.875434502941904,0.34006537317650476,3786,3072
0.9902071085641425,0.11231859539178221,0.8740280729913661,0.32195865821316505,3786,3786
0.9982654672628118,0.11559611258997327,0.8738203816119243,0.3227642838550805,3786,4500
0.9880936903980997,0.03579505516974644,0.8749435018979269,0.32065013387135294,3786,5214
0.999862095174484,0.03638452753536525,0.8724926966339345,0.3210808566843886,3786,5929
0.9880051187336195,0.03585482221598338,0.8713637336989566,0.3059908109609399,3786,6643
0.993795594942807,0.09378989776954205,0.8708755159029032,0.2818863557972675,3786,7357
0.9958567035169316,0.035448814086299366,0.8709657782051962,0.3027806572888713,3786,8072
0.9869556290397173,0.036145342597341173,0.9031405492352382,0.3597709762060208,4500,3072
0.19294241215117344,0.03607669146292164,0.9094162615887036,0.4305820552451437,4500,3786
0.0732214114618272,0.11907323962025076,0.9285168870877034,0.3147016346311291,4500,4500
0.0801666909530801,0.03831679629894394,0.6941518647081782,0.32156347251670153,4500,5214
0.9979369678744483,0.026399736752933722,0.8716666585527642,0.36975134489762795,4500,5929
0.9973333006461045,0.03332936847171928,0.8704298831434173,0.36793073850883434,4500,6643
0.9977533762966024,0.035560070904937256,0.8704799982159526,0.2793498082301033,4500,7357
0.9994087088616461,0.03553016906781522,0.8715539951326164,0.3228164549113668,4500,8072
0.33146943590864814,0.03518523299325764,0.542192106128956,0.44477439357295134,5214,3072
0.12633428234618882,0.036238935564151,0.6668081441973336,0.43662228304987616,5214,3786
0.06619221638127062,0.03802534029702334,0.9302456065269443,0.4309054661035693,5214,4500
0.12357909581732508,0.038482479853478246,0.6729264000335287,0.43849241697071045,5214,5214
0.08720144364865264,0.03763361438027989,0.6639627539796344,0.32170094865049276,5214,5929
0.08528136609737917,0.03776746428512319,0.8187001769065931,0.3214407138154238,5214,6643
0.688630721804879,0.16850554376229052,0.9319211866698325,0.4838212562187812,5214,7357
0.9968231275356096,0.0355686046483208,0.8242174518942863,0.24152583872008304,5214,8072
0.9946452063349029,0.03645885148932854,0.5415598815714806,0.43607438953067135,5929,3072
0.10565840501712001,0.03624345181297664,0.9103357910323682,0.4304536830987832,5929,3786
0.06547789241537286,0.25960682182170874,0.9115917067396954,0.32281593338657255,5929,4500
0.06842911249091674,0.26288906651768335,0.7361766422330155,0.3210666061530222,5929,5214
0.06752128674789276,0.2639739078079045,0.7371456737369229,0.3134232944680861,5929,5929
0.687817643342476,0.2611638479581684,0.740049862188993,0.3227199537720529,5929,6643
0.6881513932019503,0.26111008713275347,0.7401102891344883,0.3227971236200874,5929,7357
0.6883182047436518,0.2639734438041607,0.8573089843014191,0.3226322952271786,5929,8072
0.6879958151014605,0.26384502760620515,0.538514920149203,0.32886193658909524,6643,3072
0.10100118703872746,0.2616211203068898,0.7056638716552911,0.33016251000393393,6643,3786
0.10014490676622365,0.2924636987589899,0.9285011357832197,0.32243170132441396,6643,4500
0.14314478273444536,0.26243400921001003,0.5306970241773159,0.3215584513462893,6643,5214
0.6861894454243693,0.2801290059444783,0.7054928027312211,0.2393826336011822,6643,5929
0.6855858080444611,0.34391673821822033,0.7377804446435151,0.24109517312552559,6643,6643
0.6881922608969494,0.34683314433825424,0.7368116171147643,0.2531444137925748,6643,7357
0.6884084448890442,0.26330448059314665,0.86511986895627,0.3259026923501293,6643,8072
0.6746721198380375,0.2656541052194439,0.5396846634795303,0.3281804715232505,7357,3072
0.0737960964121961,0.2622927018141282,0.5458855073880636,0.3277272497127508,7357,3786
0.5468182798084527,0.2657252113637723,0.5461600239660573,0.31940199253415413,7357,4500
0.6884581226183414,0.263759982329823,0.5469205751830885,0.3231288680477036,7357,5214
0.6877902964814093,0.25778085758021385,0.545796209984193,0.3239547039500316,7357,5929
0.6858544763117776,0.2882702628731666,0.7393006723828291,0.329231308176245,7357,6643
0.6881214361639386,0.29195188122224996,0.7393915269344802,0.32414442930460835,7357,7357
0.6882885917710195,0.29052708026893387,0.7400530698565412,0.25153313501278096,7357,8072
0.5759610374068315,0.2615498410907086,0.5385223331927692,0.32744095345540425,8072,3072
0.5469011982367087,0.26009159360064904,0.5468077186900959,0.32726227765939786,8072,3786
0.5710180409861649,0.25949022135701494,0.5469121223660177,0.3199882653998707,8072,4500
0.68843012295354,0.26329798604437954,0.5032702716033379,0.31944227707897777,8072,5214
0.6876720214050522,0.258989790185556,0.5268222328999927,0.32026775690663617,8072,5929
0.6886075949657529,0.25965141205308645,0.7397042229267982,0.32604425350973393,8072,6643
0.6881227675288567,0.26230419243885944,0.9088188941537985,0.3256142625543314,8072,7357
0.6882236693964534,0.2948524905465037,0.9087471990776057,0.24909137227024725,8072,8072
