alpha,beta,gamma,m,n,p_frac,time
0.6741071428571428,0.15625,0.6919642857142857,5639,3764,0.03125,0.764579
0.3794642857142857,0.5401785714285714,0.6383928571428571,4969,3362,0.0044642857142857,0.445478
0.71875,0.0491071428571428,0.2366071428571428,5326,3407,0.59375,0.591194
0.9866071428571428,0.0580357142857142,0.5669642857142857,3675,4969,0.8348214285714285,0.741823
0.8258928571428571,0.5044642857142857,0.5223214285714286,6532,3541,0.7366071428571428,0.347955
0.0133928571428571,0.46875,0.2276785714285714,6041,5728,0.7008928571428571,1.663904
0.7366071428571428,0.3258928571428571,0.84375,3719,5460,0.7455357142857142,0.445423
0.8883928571428571,0.9241071428571428,0.3973214285714285,6576,6041,0.4508928571428571,0.601511
0.7455357142857142,0.7991071428571428,0.9955357142857142,4344,6085,0.8080357142857142,1.049678
0.0669642857142857,0.5491071428571428,0.7901785714285714,6487,5059,0.0491071428571428,0.969945
0.0491071428571428,0.3794642857142857,0.4508928571428571,3898,3318,0.6116071428571428,0.211295
0.6294642857142857,0.3705357142857143,0.3169642857142857,5371,7737,0.5044642857142857,0.6509
0.2723214285714285,0.6205357142857142,0.5758928571428571,7826,5371,0.21875,0.640307
0.2008928571428571,0.90625,0.78125,5773,7425,0.8794642857142857,1.636075
0.9419642857142856,0.3169642857142857,0.1651785714285714,3630,7380,0.5223214285714286,1.405444
0.5491071428571428,0.5580357142857142,0.2723214285714285,7603,4166,0.65625,0.414221
0.7991071428571428,0.6383928571428571,0.9776785714285714,4076,5014,0.8705357142857142,1.323745
0.8616071428571428,0.1294642857142857,0.96875,7023,4121,0.4866071428571428,1.355702
0.9241071428571428,0.4955357142857143,0.90625,6934,6710,0.8616071428571428,1.271104
0.1919642857142857,0.2455357142857142,0.6294642857142857,4523,7603,0.2008928571428571,0.513619
0.9508928571428572,0.8616071428571428,0.21875,3764,5907,0.0223214285714285,0.289089
0.53125,0.1473214285714285,0.4776785714285714,7514,5862,0.0758928571428571,1.321893
0.9598214285714284,0.8258928571428571,0.0669642857142857,4210,6755,0.3526785714285714,0.251201
0.4151785714285714,0.2098214285714285,0.7544642857142857,6353,4032,0.15625,0.588488
0.8526785714285714,0.0044642857142857,0.1294642857142857,5728,3630,0.3973214285714285,1.730648
0.4330357142857143,0.4151785714285714,0.9866071428571428,4166,4255,0.0133928571428571,0.462271
0.9955357142857142,0.8794642857142857,0.1473214285714285,3943,6666,0.3258928571428571,0.328663
0.0848214285714285,0.53125,0.7723214285714285,4389,5639,0.1294642857142857,0.462233
0.40625,0.4508928571428571,0.3080357142857143,4255,3675,0.40625,0.256315
0.59375,0.84375,0.1205357142857142,4791,6264,0.1026785714285714,0.337593
0.2098214285714285,0.2276785714285714,0.7098214285714285,7112,5237,0.9955357142857142,1.075955
0.4866071428571428,0.3348214285714285,0.7455357142857142,4746,7782,0.8883928571428571,0.961972
0.6919642857142857,0.2366071428571428,0.5133928571428571,6710,6532,0.7991071428571428,1.492755
0.1205357142857142,0.6116071428571428,0.1026785714285714,3809,7559,0.8258928571428571,1.872609
0.6026785714285714,0.7723214285714285,0.1116071428571428,5148,8005,0.96875,2.779614
0.0758928571428571,0.7455357142857142,0.28125,6398,6978,0.2633928571428571,0.482867
0.1651785714285714,0.9508928571428572,0.2455357142857142,6085,6353,0.8169642857142857,1.346726
0.0401785714285714,0.65625,0.34375,3094,7960,0.78125,0.559339
0.2991071428571428,0.9330357142857142,0.4955357142857143,6443,4925,0.6473214285714286,0.437595
0.2633928571428571,0.3526785714285714,0.5848214285714286,6621,5996,0.4598214285714285,0.773937
0.8794642857142857,0.5669642857142857,0.5401785714285714,7246,5818,0.9419642857142856,1.779046
0.6116071428571428,0.09375,0.9419642857142856,7425,5103,0.0401785714285714,1.746785
0.03125,0.40625,0.2991071428571428,6844,7693,0.1741071428571428,1.050541
0.9330357142857142,0.2723214285714285,0.7276785714285714,7871,4568,0.5133928571428571,0.615591
0.3258928571428571,0.03125,0.9241071428571428,3273,6175,0.5758928571428571,1.012309
0.0580357142857142,0.3883928571428571,0.8169642857142857,5996,4434,0.90625,1.034208
0.4241071428571428,0.6473214285714286,0.5580357142857142,5684,5505,0.2901785714285714,0.741344
0.3705357142857143,0.8526785714285714,0.4419642857142857,7737,4300,0.4330357142857143,0.802243
0.5223214285714286,0.9866071428571428,0.6473214285714286,3228,3228,0.34375,0.20571
0.2544642857142857,0.7008928571428571,0.0848214285714285,7960,5684,0.5401785714285714,0.620553
0.3169642857142857,0.3080357142857143,0.3883928571428571,5907,5550,0.28125,0.505844
0.5669642857142857,0.9151785714285714,0.5044642857142857,5550,3987,0.0580357142857142,0.536861
0.4419642857142857,0.2633928571428571,0.46875,6264,4076,0.4776785714285714,0.490712
0.3883928571428571,0.0401785714285714,0.3258928571428571,6130,3585,0.2723214285714285,0.770701
0.1294642857142857,0.1116071428571428,0.7633928571428571,7157,6487,0.3705357142857143,1.15571
0.34375,0.5758928571428571,0.8973214285714285,4032,3496,0.7723214285714285,0.429535
0.78125,0.5133928571428571,0.0133928571428571,7201,3719,0.6294642857142857,0.366434
0.46875,0.0669642857142857,0.4151785714285714,4300,7291,0.5669642857142857,0.955768
0.6383928571428571,0.34375,0.2098214285714285,6978,4478,0.9866071428571428,1.072262
0.7723214285714285,0.6741071428571428,0.03125,5505,4389,0.4151785714285714,0.286063
0.2276785714285714,0.59375,0.3526785714285714,4880,7514,0.3883928571428571,0.415621
0.9151785714285714,0.5848214285714286,0.59375,5862,7201,0.8973214285714285,0.959826
0.6473214285714286,0.8169642857142857,0.8258928571428571,4657,7335,0.0848214285714285,0.445255
0.90625,0.7366071428571428,0.09375,4612,4657,0.6919642857142857,0.352919
0.0044642857142857,0.78125,0.8348214285714285,5237,5594,0.9330357142857142,1.039786
0.6651785714285714,0.4419642857142857,0.9508928571428572,6175,3898,0.6205357142857142,0.430236
0.8705357142857142,0.7276785714285714,0.53125,5594,3139,0.3794642857142857,0.313513
0.8080357142857142,0.9955357142857142,0.8080357142857142,7648,6889,0.7633928571428571,3.228579
0.28125,0.4241071428571428,0.40625,5193,6398,0.6830357142857142,0.57895
0.3080357142857143,0.3973214285714285,0.6741071428571428,3362,3273,0.3616071428571428,0.205188
0.1026785714285714,0.7544642857142857,0.1919642857142857,5014,4344,0.5848214285714286,1.038662
0.5133928571428571,0.2901785714285714,0.3348214285714285,5818,5193,0.46875,0.499668
0.3973214285714285,0.1026785714285714,0.4866071428571428,4121,8050,0.7544642857142857,0.956986
0.09375,0.0848214285714285,0.2633928571428571,3541,7648,0.9151785714285714,1.11864
0.2455357142857142,0.9598214285714284,0.6651785714285714,3451,3451,0.1116071428571428,0.246257
0.1116071428571428,0.3616071428571428,0.9330357142857142,5282,6130,0.1919642857142857,0.90108
0.8973214285714285,0.0758928571428571,0.0580357142857142,8050,7157,0.4955357142857143,2.223626
0.7633928571428571,0.7098214285714285,0.1741071428571428,6309,4701,0.7901785714285714,0.404423
0.6205357142857142,0.4598214285714285,0.65625,4478,5951,0.2366071428571428,0.567509
0.4776785714285714,0.4330357142857143,0.2008928571428571,4568,7068,0.8526785714285714,0.890271
0.1830357142857142,0.2008928571428571,0.2901785714285714,6219,7023,0.5580357142857142,1.037355
0.5758928571428571,0.6919642857142857,0.0044642857142857,4835,7826,0.71875,2.66125
0.5401785714285714,0.1383928571428571,0.71875,5416,3184,0.1830357142857142,0.641574
0.4955357142857143,0.6026785714285714,0.6026785714285714,3585,6844,0.3348214285714285,0.293648
0.4598214285714285,0.28125,0.4598214285714285,3184,4612,0.3169642857142857,0.266081
0.15625,0.9419642857142856,0.3616071428571428,8005,6934,0.6026785714285714,0.676768
0.3348214285714285,0.6651785714285714,0.3705357142857143,4701,5773,0.3080357142857143,0.340271
0.8169642857142857,0.1205357142857142,0.7008928571428571,5460,6443,0.1473214285714285,0.801362
0.1473214285714285,0.2544642857142857,0.4241071428571428,4925,4523,0.6651785714285714,0.489668
0.5044642857142857,0.9776785714285714,0.8616071428571428,3853,3094,0.2991071428571428,0.238301
0.21875,0.21875,0.1830357142857142,7469,7469,0.53125,2.293626
0.2901785714285714,0.4866071428571428,0.8883928571428571,5103,6309,0.9598214285714284,1.928931
0.2366071428571428,0.6294642857142857,0.15625,4434,4880,0.6741071428571428,0.433165
0.96875,0.4776785714285714,0.1383928571428571,7916,7916,0.1651785714285714,1.258979
0.3526785714285714,0.5223214285714286,0.7991071428571428,7380,3809,0.6383928571428571,0.852927
0.4508928571428571,0.71875,0.5491071428571428,7068,5416,0.2276785714285714,0.771565
0.1741071428571428,0.0223214285714285,0.6205357142857142,7693,3943,0.7276785714285714,1.552735
0.84375,0.8883928571428571,0.4330357142857143,6889,5282,0.2098214285714285,0.613206
0.7008928571428571,0.1741071428571428,0.8705357142857142,6800,4210,0.84375,0.755401
0.1383928571428571,0.2991071428571428,0.9598214285714284,3496,6621,0.2455357142857142,0.339673
0.7544642857142857,0.1919642857142857,0.0491071428571428,3139,6219,0.2544642857142857,0.380405
0.5848214285714286,0.1651785714285714,0.0401785714285714,6666,6800,0.4419642857142857,1.052643
0.7098214285714285,0.1830357142857142,0.0223214285714285,3318,4791,0.1205357142857142,0.228445
0.5580357142857142,0.7633928571428571,0.6830357142857142,5951,4835,0.9241071428571428,1.470724
0.0223214285714285,0.96875,0.8794642857142857,7782,4746,0.4241071428571428,0.676722
0.8348214285714285,0.7901785714285714,0.8526785714285714,3407,7871,0.9508928571428572,2.38683
0.6830357142857142,0.8348214285714285,0.2544642857142857,5059,7112,0.9776785714285714,2.489995
0.7901785714285714,0.8973214285714285,0.3794642857142857,7291,7246,0.5491071428571428,0.869393
0.7276785714285714,0.0133928571428571,0.7366071428571428,7559,6576,0.0669642857142857,4.454542
0.3616071428571428,0.6830357142857142,0.9151785714285714,3987,5326,0.7098214285714285,0.405062
0.9776785714285714,0.8705357142857142,0.6116071428571428,7335,3853,0.09375,0.530978
0.65625,0.8080357142857142,0.0758928571428571,6755,5148,0.1383928571428571,0.465623
0.9315738466041328,0.2833322909122422,0.497955693387949,7453,3117,0.6998126472809142,0.551308
0.3000120501762455,0.5663828583679378,0.8517696653897378,7314,7978,0.3218428971945021,1.585541
0.4695542543012234,0.0885463000717092,0.0110953734301322,3581,6053,0.7818708065690738,0.914307
0.4334528089974735,0.5237936554929026,0.1258723955219326,3399,6199,0.333517264083499,0.214352
0.7910566392375475,0.2072390187439493,0.4773896207862036,4696,7716,0.8881201423671777,1.513255
0.2546570844032517,0.7816762231441006,0.058331823700874,7576,6916,0.8298109271483453,1.584392
0.1060973800929415,0.0280115826976992,0.0287207258489368,3116,4104,0.6427235380298943,0.719674
0.1316989963556593,0.8466089918905061,0.4930409690737592,5406,3727,0.1061870266226998,0.459115
0.6473515020717053,0.8045045261721357,0.0604474769489354,7056,5787,0.1597331323222832,0.761698
0.6566266173964856,0.8916785947395183,0.4528017748447581,7757,6750,0.3233204239476005,0.768886
0.385140261988,0.3672679718510168,0.2532920079716528,6505,3767,0.1946051111957429,0.354004
0.918461351067934,0.9841461253428454,0.396926707420398,3936,5375,0.7931151540659577,0.657181
0.7019715699364256,0.5195939798812197,0.4128340556374481,3747,6690,0.0610228477398885,0.392087
0.8806218254722293,0.2489410434161845,0.2813585509592033,7512,5740,0.0173355910187487,1.045088
0.2687534013434408,0.9407089499407342,0.9392167390352576,7361,5550,0.6142755979973918,0.561363
0.2784415716335663,0.3315880190273571,0.829917966545051,7592,4201,0.656900663700418,0.945247
0.5872801812197224,0.8477828084200494,0.98097632882069,3315,7252,0.6934983898946231,2.277175
0.2048199946238892,0.6020814747802289,0.4447975022516681,6204,6297,0.5559759317407832,0.613781
0.7918787202128768,0.3576502996254503,0.3506623261227507,6014,5008,0.4434447833457301,0.505677
0.8330222267841605,0.364341291052058,0.2084465490320413,4607,7309,0.527232047379572,1.849473
0.5736070940343657,0.1133341871072229,0.0025267883016194,5256,7165,0.6302783985780033,1.651692
0.4350023380351581,0.4944314330062028,0.2187894003631745,5111,7675,0.8805032155761785,1.362098
0.2949771175038386,0.6996771755950337,0.7416598412609497,7203,5608,0.363016270822777,0.594553
0.1046858846920704,0.598673750323659,0.8815713730308712,3108,5037,0.4076584229554499,0.249949
0.2322951089859163,0.3903017334479547,0.7547514144231041,3844,7903,0.5920878293122305,0.68018
0.0709461319542069,0.0052026888705023,0.6932070598701631,7013,4423,0.7206853856550357,2.970553
0.023630156925342,0.8861066375823414,0.66439780775942,4695,3627,0.6378491782461627,0.289113
0.9998781864477002,0.0754707064700836,0.4295648047318663,5949,4137,0.8710416811864781,0.777985
0.4556206153360838,0.0023106352887571,0.8738354582944137,4711,5768,0.7406322289249702,4.663538
0.7308112397675486,0.0914907157969611,0.8357493749606436,5894,4034,0.9110180763993828,0.711585
0.5172247920005761,0.5377947082584633,0.2585957228202478,6143,7348,0.1672717693226453,0.584653
0.9549524653159616,0.5754158050230921,0.1476429154677113,4254,5852,0.266650001445736,0.284161
0.3171276660273384,0.4208832580727387,0.0863291354859384,5749,7397,0.8058789194708116,1.34738
0.6591939462027779,0.9993317647992728,0.7986359580561041,4690,6524,0.8557469501552614,1.235296
0.5535049202754694,0.1404374277479965,0.0903409911984128,6222,5166,0.4651637141020152,0.761355
0.3788097561561788,0.91674905782122,0.1369709004454301,6159,5371,0.3247849116868968,0.360582
0.7267177423193036,0.2921717527863154,0.7671291401194542,3698,7734,0.0001314586064149,0.488576
0.0190438258452915,0.3160210320943682,0.0720620201272146,7969,6724,0.1766924039333922,1.189429
0.9618949441752928,0.8411534331262769,0.5231253985225449,3437,3206,0.5144411464490621,0.204172
0.8554096549863986,0.5326073834829788,0.645955735915822,3752,3870,0.2657291264458159,0.263528
0.1074394120698249,0.8347917392964588,0.8557061980549754,6203,7572,0.6018700596133698,3.422177
0.4410954906960744,0.3307593092619154,0.8438420928092831,4961,3992,0.2626212516922159,0.600829
0.7342410912446635,0.0018840591845328,0.9603069127888252,6877,4245,0.5790749899356505,5.094163
0.9549157874160424,0.5209518622548389,0.3053842855591845,4115,6098,0.3334463318545138,0.396951
0.3690872612787654,0.9542495159624288,0.4287833619893237,5314,6748,0.712596028240754,1.389139
0.3137827554749112,0.5727092985068178,0.6461854372777953,7557,6341,0.9591941909462096,2.254817
0.8293828589445655,0.5770695686991053,0.6880112744228037,5405,4351,0.4241519156133468,0.517908
0.9212516244771736,0.4017235601183337,0.5872215366036462,6383,6588,0.9005601703430102,2.060883
0.9653652458146428,0.76883344705799,0.4506837066497825,6327,4273,0.0402325387658719,0.653773
0.8252191358518809,0.2260396672599278,0.2649742621195797,6729,7319,0.7206525258088478,1.159799
0.7800209670598243,0.7140603370678061,0.2236871698704815,3636,3879,0.3155546244122549,0.182524
0.326873297958284,0.4080453048229527,0.5701268451926217,6390,5056,0.6586056093501793,1.232941
0.4978601114748564,0.2733255315882991,0.7309558662384019,3465,4595,0.2037969881231303,0.257818
0.2100318189030047,0.839836000605606,0.4542031579392953,7473,7750,0.8753316957383755,1.941676
0.9016098889717956,0.732753262970073,0.4087215256111565,4629,3103,0.714314433463067,0.415054
0.3684342362704579,0.6937025325545771,0.5666542526859658,7871,4384,0.097655236595315,0.997956
0.939563485468445,0.4909583751242732,0.2820430635956741,6434,3121,0.4873957855044303,0.265836
0.022345771529863,0.3376375505683628,0.864148216737971,3877,5348,0.9248110221448042,1.078848
0.2100818918167424,0.0050098792323918,0.8053651186877153,5689,3560,0.9972957259271223,1.616802
0.9380627568391526,0.0576502995546754,0.0960944287131406,5658,4815,0.6584896933857651,0.923877
0.9842006020666222,0.7902161890437872,0.9018899485130698,4759,7008,0.8266713788749451,2.565696
0.4974635598738384,0.1203498265118464,0.7797080350186733,7813,6299,0.4825099033628907,1.183554
0.4320887511854654,0.8203668964762764,0.35903861780708,3124,4313,0.5078370814560892,0.232902
0.6252734933150281,0.1945294655484687,0.0019958441624329,4523,5662,0.4932863828934537,0.670117
0.6726716493491072,0.7433554220999481,0.3243585791665688,6200,3964,0.5025435031163706,0.358148
0.8241581953452263,0.6092382867224553,0.4840586756485795,3989,3421,0.3948339153460142,0.213328
0.8780740611694651,0.1140874034622962,0.9460251863176514,4229,6583,0.6478849643378802,0.691946
0.2286473746761849,0.0911345747240978,0.2309111101679478,3708,5275,0.4217969999514459,0.400947
0.451744467634648,0.9970492843850928,0.6835291534558754,4705,4401,0.9331507091246324,1.519646
0.1014761601373225,0.5218900345230124,0.4094311843168108,5081,7061,0.7728535879845619,2.188939
0.814631852468571,0.672338778890253,0.2752310686732734,5642,6880,0.2795514478734551,0.520816
0.269225749446095,0.695335014315338,0.3414109460597644,4602,5927,0.4038753778338304,0.451679
0.7820733119643724,0.3965698369979372,0.3427609529602247,5071,4899,0.6583987701752251,0.488336
0.7560671022861458,0.5804524730074517,0.3366723146821073,6240,4864,0.6455931065900475,0.471086
0.7817154122367044,0.6894439269474358,0.3234218973385124,4255,5615,0.3540693549540026,0.396499
0.2875096018736214,0.2297566547643133,0.6985501008750901,3319,8042,0.3543346029908675,0.374774
0.7785053765080273,0.5598186383694798,0.3421616069353758,7330,3819,0.650890552241528,0.363417
0.801541514016097,0.3943457913667356,0.3251589706624532,4559,4855,0.646702025820484,0.469436
0.7538680443205399,0.5511947641901598,0.3234192820710638,7852,4065,0.6491118149707769,0.959624
0.7831315915821028,0.5388291383309163,0.3362096795313863,5618,3467,0.6668903014086378,0.333168
0.8047256495617281,0.7588116650568225,0.3519042860877078,4344,5565,0.1914006002485856,0.387121
0.2262633122722716,0.3329379370399049,0.4225584520086863,3158,7787,0.6634789037384322,1.408193
0.8762445573780192,0.07894667788799,0.351713798831141,7046,3893,0.2094495107554679,0.896727
0.439768008722179,0.9016055609337932,0.9557083600440768,3775,6806,0.0895923646405781,0.422311
0.3507779508962764,0.0711700998561506,0.3591295019350142,3449,7674,0.4830638014109855,0.562782
0.7061068721806704,0.5503008409717537,0.8562168974791441,4734,7214,0.0098285326908574,0.697445
0.2667811125505385,0.1830293034750321,0.3327816726696797,5667,5531,0.2570666791830979,0.540847
0.0584855416247748,0.4529663355419937,0.3453916614693332,3218,5950,0.9093033152278346,1.271264
0.0325164102029106,0.3788121111399665,0.1631102253832912,7192,3802,0.1399938623052963,0.579825
0.3057114853735593,0.4399252738192815,0.8836502530167512,5371,5635,0.7707522411147556,0.652073
0.7158597016835027,0.3256416727584177,0.4603367839550755,6885,6111,0.6373222204824166,0.721602
0.8106764663861074,0.9301100488544076,0.0045829690803969,7429,7235,0.8167834751448833,0.893232
0.2274605206278852,0.5392944080152724,0.7797651400092097,6848,3328,0.655161397375166,0.359889
0.7770760213197889,0.8846605655072064,0.4895450450284585,7476,7502,0.8772850477481621,3.314531
0.6454931832347015,0.8739508835556493,0.5512188578216431,3488,6197,0.4354427619713176,0.250109
0.5142851017046222,0.6925187464874908,0.1232863901029202,3602,6127,0.4149256398878979,0.279353
0.200455715302391,0.1499935288007322,0.1010138070344055,7890,4539,0.5046946338631981,0.717473
0.1818139679709151,0.9626963461837486,0.5772740375415119,5020,7618,0.2479899645352844,0.458516
0.6812314589090745,0.5108048447117451,0.8970226148221114,6895,6509,0.8432599559251894,1.247791
0.2371237983126557,0.5564166116188234,0.2482077569461869,3807,7442,0.689642047526677,0.486744
0.2801319947229427,0.2327617026306894,0.3371436692580304,6972,3101,0.624537718247343,0.489131
0.2707160740010439,0.1626426122169034,0.8166782920758774,5459,7720,0.1456777305051187,1.096423
0.9274307591711785,0.0411201484462788,0.3010142336616836,5564,3789,0.4323747002064797,0.716435
0.5442474822691117,0.6065818901849411,0.4162858878458936,7632,7742,0.3087522648814005,0.834615
0.3818982189769346,0.8989597042208809,0.5678278378748327,5080,7316,0.3649625469421415,0.422146
0.3505933109074826,0.9471165071295288,0.0008934541562259,4451,6653,0.8010282841119183,2.318508
0.4179639965846238,0.5980536942100192,0.3513101561650567,6270,3771,0.9982430023435752,0.820854
0.5629539365047332,0.359857890030808,0.7551528940042658,7026,7325,0.7044232899182397,2.335614
0.2193236093492195,0.0769030139429828,0.9669882829633736,4847,5140,0.5888735248008609,0.940624
0.8849336509566509,0.7021786447555156,0.0139346590242497,5556,7331,0.124172126361989,0.418576
0.1221997335503569,0.2445526249328846,0.5349459363487531,5679,3768,0.5303006943739381,0.335916
0.2676279022648468,0.7322214455633069,0.5821565171802774,3641,4003,0.6424965088804856,0.536529
0.8441630038093189,0.2762948611433314,0.0104091114724375,5943,5092,0.2947871750958644,0.670255
0.1015247944126341,0.1711938848246301,0.3108277591624078,3797,5695,0.0786396421567352,0.386732
0.7856634651071128,0.7389198711468928,0.541718628702872,4560,6490,0.2301247185541189,0.367677
0.1412761910844597,0.680393982618563,0.813793023807887,4855,5457,0.9572818031393237,1.697628
0.1428167286703612,0.5239528882291976,0.1555582409685366,3760,4658,0.0488044424212283,0.260539
0.2147545274418753,0.5828039860524451,0.34181602373047,6101,6655,0.9198691421283786,2.125953
0.7534661890765646,0.351546206134424,0.5599759132557566,7166,4540,0.3172123185230487,0.650472
0.6966525162806021,0.9472868877774848,0.3957996627420569,6725,6313,0.092490156834476,0.88165
0.1293551058939667,0.5157785406674638,0.3343529931156513,5761,5853,0.5513045001985843,1.717494
0.7412870764054227,0.2434313386884454,0.932519220719476,7603,6728,0.6705398731645871,0.964178
0.4227315919143984,0.2046651645900297,0.8801648898692657,4730,6247,0.7157499182826718,0.626752
0.1989942026114091,0.6714750900821841,0.1138463031086502,3102,7420,0.4008206443115818,0.187357
0.6796672469761886,0.6385868316592546,0.6092426612929316,7198,8039,0.2280804367746409,1.000534
0.4896767492637636,0.2379369247497197,0.4666391845051357,7398,5242,0.9293905187920172,1.152428
0.0109053004775422,0.9776476685105708,0.7352406467735928,6465,4887,0.6469471947469957,0.510047
0.442076979885222,0.5645976033030828,0.8464379097673745,5615,5177,0.36672411479197,0.795084
0.4587376821597643,0.3098571301620528,0.7763034262387177,4863,4229,0.062229724390628,0.630716
0.9697783681068042,0.2568272563405198,0.1342400103863086,6381,3122,0.5337775510545785,0.354244
0.4763860500281127,0.3607476780927607,0.1082991796850189,5471,7179,0.6615924046317329,2.015279
0.4662489583237609,0.5572420939927085,0.8456819603892602,7254,6653,0.1498918357417696,0.935876
0.2653783473278789,0.6645852969503109,0.8091487929762434,7577,4275,0.662374786868417,0.481698
0.5203859137951437,0.2843421132022633,0.6799690691935698,3887,3531,0.8500511844354922,0.624645
0.2070838443818521,0.6221783946465006,0.3430817419434623,6327,7739,0.0623631259851118,0.677267
0.3445305372262823,0.983338480175132,0.0691362495437569,7770,5286,0.9758854072478408,1.821099
0.2005132857793239,0.1360293857237653,0.5246891231815454,5626,3593,0.2663298214778451,0.439031
0.8081796581326112,0.5584405475012478,0.8587521920249793,7505,5872,0.5967300591722384,0.697806
0.8185510216142494,0.6394127823970056,0.7756138113261125,3476,7208,0.3760272475327879,0.330703
0.1458956497943969,0.3415535594410729,0.3871614111697092,5637,5234,0.7332210940399965,0.66
0.527796846978645,0.1959052825056085,0.4529020410927991,7418,4491,0.8729898360326857,0.906927
0.366140734711125,0.3967237035155779,0.0285664109781107,6052,3418,0.1646122104335099,0.410438
0.2979640974487809,0.887199521741335,0.6767098713370967,7491,3181,0.1577416889721329,0.448513
0.1560503154787655,0.8414407036622942,0.8665612677324245,7321,7522,0.8878318941333008,1.823212
0.9165411391917092,0.5509540923205808,0.8964922374431007,5027,3207,0.6716871574534931,0.60519
0.2747209490771248,0.8790489976879567,0.3510023937300632,7320,6812,0.3671962003454433,1.012888
0.7683367264492063,0.5082620991228484,0.2485753110319974,6083,3695,0.611985739721849,0.312289
0.266923554002305,0.8842780945881201,0.3726138236068667,7808,6107,0.3707038676373361,1.062937
0.2504257659917979,0.8106544131548212,0.3749124941847007,3161,6124,0.340746628002541,0.193125
0.2723671752512254,0.8366554132172569,0.3715611974295028,4401,3769,0.4828614061400495,0.346556
0.2732479447479932,0.9096941109275496,0.3508330625579006,4226,4889,0.4791816756085458,0.263144
0.2718181733326562,0.8710049494377995,0.3486128040197209,7335,6465,0.3638624862064135,0.522618
0.7775687950924292,0.501584887300415,0.2321057045548745,5384,3290,0.6075568782337664,0.272041
0.2715679280471589,0.84873475716758,0.2787639307297223,6469,6349,0.342843776617652,0.81735
0.2556332245269843,0.8208566487024604,0.3480712333424327,3810,5245,0.3672653813512978,0.239576
0.2766275515395959,0.9536338550277556,0.3551712423287211,6152,7896,0.3610756770632077,0.635575
0.2746866436465473,0.8517442402162446,0.3469449174953722,4525,5186,0.3640213049309388,0.384687
0.2673421143155989,0.8221610680101445,0.3786938536861332,4308,5817,0.3646331997421793,0.290147
0.7696303788630621,0.8518561595982985,0.226366627166614,6512,3924,0.6080483117949519,0.904998
0.2622827033459983,0.8422682020525623,0.3696334257478176,4172,3819,0.4771501659226491,0.207137
0.6791032559130555,0.7977634370450912,0.7693545285393596,6882,7100,0.729241479052148,1.235619
0.1734391146556146,0.8755037878999606,0.8541977329354296,6517,4122,0.9257749671319982,0.700283
0.396502175274534,0.8811495354286107,0.3395287812873897,3661,6780,0.0038501046153109,0.314634
0.0195945437581201,0.6733277598688203,0.4126601411631007,6091,3640,0.4022461674925832,0.3752
0.6565525996305309,0.6620352285906383,0.393878163196824,4189,6117,0.0265360782432618,0.431585
0.0507819828983211,0.8687184146880179,0.5469332176399352,4319,6275,0.0224834798175838,0.44944
0.3438143737224521,0.1911456054668935,0.955472176324282,6199,7971,0.6784062015164306,0.969703
0.7742289870275207,0.995702104560885,0.2602087489685962,6737,3320,0.187533222375293,0.603954
0.2608380186587762,0.6268193648279077,0.0897492201560333,7622,7890,0.7433967430022709,1.678927
0.573138394128931,0.3851552117384822,0.2224976793169719,3912,7420,0.8162375272327159,0.781373
0.9889217804050062,0.2793011513368358,0.8021880496080822,3362,4388,0.8062877418099247,0.324546
0.7531927198543823,0.1680212722166341,0.5583644726640093,5083,3997,0.3677110490550586,0.422521
0.8227935908017491,0.0827600142873752,0.5789559365250061,4064,4481,0.2636782423937158,0.431936
0.9095848004626284,0.9314771802453704,0.0792203180453604,3326,6367,0.3654550909887752,0.213616
0.9089752505527182,0.9205884146271832,0.6895537652276604,6347,3634,0.398299458492761,0.442483
0.3542871226260036,0.2546793084886052,0.2917606694486875,6269,7583,0.3414646917429331,0.780568
0.6548874502754491,0.4065394083604491,0.2978171309483676,3798,6982,0.5815509064593545,1.558119
0.3404341468536581,0.9336249120756824,0.8404880615505553,7537,3898,0.4038454682343961,0.424017
0.4997511139550643,0.767100287123759,0.1141360049938559,6435,3793,0.7232014471968076,0.61438
0.5011868058083806,0.0844256592491368,0.3972985633656292,5742,5818,0.6417479407390124,0.870124
0.1816112916046566,0.4612786968651864,0.2904115590331154,4472,4321,0.3279866657098715,0.249252
0.6803870097966755,0.701276708815352,0.6092017253881998,4461,6257,0.9932423351049976,2.027497
0.1786719872473894,0.7788625181948486,0.8015789913367279,4591,4553,0.5390996871569229,0.350907
0.4931417865075199,0.4687807208476233,0.7321838479765872,6846,6058,0.4044366464003738,1.176082
0.4798568058339496,0.5697661870373567,0.6142505009495861,5936,7041,0.9681217061093182,2.477656
0.4080534932340302,0.6840034742059836,0.7357018531874836,3683,4194,0.7402973521280504,0.292965
0.6358986331652831,0.2509621834944271,0.9475124080230276,5556,3447,0.6186892336039933,0.357866
0.4980574096660288,0.3206853618628587,0.5460027677778118,7985,5195,0.7667994681255538,0.723409
0.4948279620935022,0.99394814185643,0.0257896297480879,7760,4399,0.7477611909530576,1.318014
0.6916501799188327,0.8129421552139342,0.7297396830992735,8040,5450,0.0224300166248445,1.218733
0.6571556568605971,0.9638709374767944,0.2102609874595468,4557,7405,0.8425226242583043,2.63632
0.7511186619765363,0.2884777634411233,0.8477034689142678,4020,3750,0.1646180601303726,0.441303
0.0626841018348915,0.6854966051598036,0.3106409277139106,4372,4183,0.2715832001530869,0.24176
0.3808535080228058,0.3115243886051719,0.9067632205242908,5040,7771,0.1206885485355291,0.898261
0.5498181820149467,0.1075213614186105,0.2189154130623087,7207,5290,0.1474028685796737,1.094118
0.0548755456092282,0.6083423601620271,0.38126675359018,7869,4740,0.8711890980921324,0.845971
0.1973424117727281,0.5503093847093383,0.8865732271250117,7227,3119,0.3114781265711398,0.72671
0.4007584593156239,0.2134890487624509,0.7238550102862329,6786,7993,0.3910165822669202,1.005949
0.994076106614233,0.5873790841648783,0.3014850627423769,6755,7502,0.9719238386090568,2.969474
0.2107313610747929,0.6717329066607198,0.7298533214637167,6489,7928,0.3530331553537245,0.909041
0.869049107467171,0.7847906399794714,0.0746630762771405,7538,7456,0.4619430518655493,1.036907
0.9281257672732915,0.0976252545955541,0.1976442313685683,7487,3966,0.1549043877039962,0.882133
0.9846941035378812,0.3246689389933065,0.657385297625102,6581,4108,0.5292355675128044,0.448197
0.976940616621227,0.8546511139298744,0.1522575757382315,4545,6947,0.3554395883085652,0.29823
0.7990875543294921,0.0491950318238596,0.602152742898754,5037,4506,0.7981432427704122,0.965655
0.814389056437126,0.6519540903631614,0.2520959819564263,7697,4761,0.787587217733952,0.595525
0.0726826536892398,0.5140935985102375,0.4065478135945091,3641,4851,0.8707965936531258,0.583567
0.105752938041281,0.0572826348066312,0.9276924175093072,5552,5177,0.7593492404928085,0.963586
0.4195162685867133,0.9151770941217108,0.5252774626239054,3576,6223,0.9227999718173716,1.954609
0.4277159986825694,0.0329634204448624,0.6095164426968774,3880,4514,0.035502431688723,0.718723
0.3512370764093023,0.919830262515798,0.7810884490567015,5661,3604,0.5968818050148865,0.564457
0.2903304005980344,0.8661210725762436,0.136033949964565,7544,5450,0.6921679456497907,0.871992
0.9467906483706194,0.5733984887082645,0.4058723408878988,4229,4787,0.0364706676217854,0.399094
0.007283663155187,0.7405116007069875,0.6554971031193726,5811,4806,0.2281815724171791,0.432406
0.835723986574223,0.491078920103807,0.8746128129197753,4820,3949,0.4153474587077734,0.347584
0.8701147341844132,0.6809391126108427,0.6606576282385842,4797,6156,0.4705406933057179,0.445244
0.9474378854087276,0.6791141294826097,0.4614955561731699,6322,3736,0.9710678265224232,0.834196
0.0256980528330573,0.9151673185597914,0.6329350862370613,6686,6351,0.4527304164564962,0.567659
0.192121009950726,0.9473432529060978,0.3648565126738374,7921,6013,0.5210938393238098,0.560051
0.2017967415718815,0.997657687952732,0.2480348092085574,4535,7031,0.300671500598147,0.286183
0.827383841069114,0.5515687592859861,0.2098966637106133,7258,3122,0.8143615711524612,0.576026
0.2090394019898743,0.9716398221281096,0.3552485048599334,3832,3265,0.5064458135502105,0.230043
0.2052054264469194,0.9822615738328884,0.2422636299994115,5554,7225,0.2948344575515317,0.417231
0.2299868846461757,0.9527684918519232,0.7286387555846572,4020,5644,0.5083164079642858,0.95112
0.1926006652497676,0.5998548684066202,0.3642217945643459,7493,4107,0.5085077775502639,0.404228
0.7287847967136448,0.49465781801585,0.2690865157014354,6632,4059,0.8653909632949609,0.616288
0.7794560245918242,0.512508752454044,0.2451904131892611,6451,3643,0.813734695994188,0.534304
0.1883218242474155,0.9993925214990969,0.2464416731591832,5431,5916,0.2997419997641818,0.342849
0.2343729670496778,0.9324230736736396,0.5261179839207483,4484,4304,0.5090654696540338,0.325426
0.1904493521014038,0.9029841640628724,0.3982232768914154,6035,5829,0.5051110143166456,0.583056
0.2279767945938601,0.9995340166517708,0.5375135293758447,4579,4883,0.5049932145071573,0.317015
0.1956204756311754,0.9178217189975024,0.244590611898441,7289,7080,0.361480048063782,0.738523
0.1997491711225095,0.9852820124335342,0.2470242173620254,4715,6451,0.307698697253957,0.322101
0.7262303288856284,0.4914242573640346,0.2610878814904416,6367,4076,0.8661655635942389,0.43688
0.2056598850490411,0.9923944858483766,0.401737732542501,6916,6044,0.5043639099223801,2.465179
0.209169773980665,0.9941883255409042,0.5252999080288532,5059,3227,0.5076289936287816,0.750765
0.199201643926348,0.9929852088183602,0.3622047169164621,7280,5629,0.524024094042845,2.182033
0.1898967477530472,0.9989913420487592,0.2478971756957864,6276,6208,0.3614256643710516,0.39995
0.193699627838548,0.9927429770733156,0.4011369534865756,5755,6080,0.5055881368397664,2.418584
0.2017311200797456,0.961037550657832,0.3666583696854182,7578,5197,0.522766847778379,0.879694
0.4734035954643948,0.2473253364311313,0.4112376366813548,3220,4658,0.9306379574994356,0.704734
0.1682087432327217,0.0521948815020348,0.6910285416816438,3179,4422,0.5636791466209162,0.392095
0.7657682832238358,0.9911785572500018,0.3627385561350953,6512,4946,0.5010889406053494,1.646925
0.392971237235078,0.8948059831979717,0.6344556525313644,7713,7323,0.5776056544909417,0.949787
0.322370611148547,0.5245593846717146,0.3910218895634483,5656,6578,0.4233730938873918,0.480335
0.8013766602100584,0.607342563303898,0.8928583121718808,7107,5049,0.1805638845490361,0.927279
0.7373028822441735,0.3390975207943602,0.4708989150060948,3442,5312,0.3361017825160651,0.251067
0.7380651154512695,0.6551363389581875,0.148200413089108,4354,3167,0.7717881349581807,0.206229
0.7118156818068841,0.1896125154825642,0.3620616999412525,3582,7129,0.1929311231512148,0.375485
0.0230107424743616,0.5983832699164087,0.9894610788990216,6273,7555,0.593606479475648,0.790736
0.5822941014580489,0.0721041745548096,0.8885750690237347,5507,6413,0.4310159584398333,1.103956
0.5029691820774689,0.6677608362364837,0.385528906105578,6447,3597,0.4202156579056328,0.41576
0.1532093320833689,0.451953991285234,0.5913741953266136,6520,4930,0.5996572005864675,0.699448
0.3272002012937111,0.3070739918616766,0.1650170331628553,5732,6066,0.2556020175173294,0.542364
0.8943878301690966,0.0781787816455077,0.1950010177654912,5794,5546,0.4599513275110809,0.957434
0.3756923586674994,0.7762532617455167,0.7136103659578835,5220,3635,0.7598398988482514,0.313534
0.0562939382067665,0.6728550070009904,0.373572692661567,5276,7903,0.7076516399712548,1.540843
0.9915021267791352,0.0250984661155126,0.7437539235489938,4119,4036,0.4098272712987435,0.766348
0.0315990370988821,0.8455253745619171,0.019993246241706,4922,3982,0.6610070101050333,0.2779
0.8715374314444544,0.7818833538010317,0.9101888044851923,7725,8071,0.3186914130705865,0.905817
0.4251635652111055,0.9128429862194508,0.4834737923040835,5198,3697,0.6123697365755422,0.268584
0.8887988372981104,0.6348192481189658,0.5464926450354155,4760,3402,0.9856015679350284,0.67386
0.0563104792351188,0.9896026101107648,0.3608669275910839,4101,6228,0.5528454563596925,2.176543
0.5597721271193083,0.1843038667942855,0.3085482498527185,4114,6712,0.5141307307848116,0.472731
0.0327986841050633,0.1430052011365237,0.6184865013074945,6202,7941,0.9325434934474064,2.052618
0.1002603179882983,0.5820889251200447,0.4085111692908494,3902,4689,0.5606173356506913,0.333594
0.4397601038210013,0.4415416072905795,0.2078652701063854,7580,6520,0.8385525743198601,2.327533
0.6946932171667041,0.1466584416961616,0.3237674437605196,3725,8024,0.8276984419764785,0.779948
0.8363025136455104,0.2101321329420424,0.1062554891219605,7243,5718,0.4782000474218137,0.889753
0.0141786331260388,0.9230958660240932,0.1288701300325647,7607,5681,0.437861490535854,0.596591
0.2877619546696454,0.9971673887156732,0.6173288022059659,3811,4799,0.4128122472370967,0.229162
0.980119409923178,0.6611772230899042,0.1290933116836781,3088,6651,0.7501073662576492,0.366091
0.105829409674603,0.0238898080709023,0.6359804567852976,4013,3263,0.5769684890631263,0.565725
0.6181062651771528,0.4059730674598,0.7374689202098356,7857,6342,0.9488778406557696,2.144788
0.4089924528888804,0.804319318221953,0.345998198988409,3935,4777,0.0632607810167974,0.297429
0.872278988340884,0.7473761132716649,0.3231216879130186,6558,4431,0.0401926380732573,0.634106
0.2773477676531204,0.7259527587078323,0.7305244601979681,6654,6577,0.088621926082164,1.044291
0.2550965445798874,0.5046217614277615,0.3444742458214593,6959,6633,0.8541724733414271,2.290514
0.2551026671843561,0.4830635314970325,0.5554648269622566,5301,6934,0.6017568972499496,1.045
0.6290421586940992,0.5167698286998323,0.7569399861590936,3604,5310,0.0562728148852257,0.371816
0.7387385951739952,0.0641689661254187,0.0562601435858869,5847,6039,0.4279453396154714,1.449369
0.7819728051290138,0.8285536374670215,0.0375873832204924,4748,6139,0.4595777109591561,0.29335
0.5278693468711453,0.8786530734850586,0.4383212986797633,7201,5041,0.8141551543227084,1.685763
0.912084331127216,0.5221986123572195,0.0847005065541792,7482,5062,0.8777812170764333,1.44705
0.1283559783943282,0.7241306678299342,0.7290266967225395,3577,3581,0.8041661775056167,0.32603
0.9244256013053308,0.5123547772738299,0.1032744789887301,4998,4319,0.5868605925661274,0.313469
0.1338779636354546,0.9530807478161912,0.010112330502799,7701,7479,0.3164167170445537,0.720122
0.6481127631931336,0.2090139702455699,0.655783229077362,7679,4344,0.1112933653635439,0.775906
0.1977785360914061,0.2487088240425939,0.0184660174435542,4304,5433,0.8477064046375316,1.331096
0.9851938478792756,0.0429512957711198,0.8814882920887656,5316,5913,0.9929251405554844,1.654469
0.3974078567001398,0.2010391565471699,0.5567107503691201,5497,4351,0.3031192590641407,0.4342
0.4428444629456555,0.7021964352995417,0.3994313667089914,4903,6587,0.982835411897635,2.21174
0.1854839483399329,0.90487736958665,0.2461855335457849,4184,5742,0.3869939450954114,0.247633
0.1834095579425602,0.9090178472596406,0.2411293523407447,5505,4924,0.3200647491259322,0.327336
0.185848401042578,0.907153273807316,0.1532144238579196,3747,4981,0.3394216635519097,0.197448
0.1874801253558046,0.8923734741970913,0.258167899148006,5890,8043,0.228579236248182,0.490978
0.157672406521036,0.893317838118214,0.591574474290417,7672,7802,0.4310769842212407,0.752729
0.1762015126635563,0.9228961469093616,0.2388713997326063,4773,7834,0.3220311497308419,0.40196
0.2291432269714065,0.6595427648490559,0.1557018080995523,4566,3758,0.3208485533523328,0.20856
0.1870758532999804,0.8906508541400554,0.2211370141542565,3624,7914,0.3823426165985712,0.254668
0.1888761197813157,0.6512853840083705,0.1503749764608855,3215,4248,0.3556544298118248,0.172684
0.1857478104833954,0.8915530910564264,0.2452226453743953,5359,6252,0.3240428819012222,0.38424
0.1808033527382703,0.9061265037821437,0.236283318470995,5806,5090,0.2401020649672295,0.410689
0.179577064980011,0.8873522976434992,0.2424137901962397,3793,8007,0.3684740086936994,0.277033
0.183768579815948,0.9113353873999962,0.238030980713765,4741,5862,0.3069145822908388,0.322292
0.1843432456915784,0.9028581074948684,0.2406957846153341,4373,6268,0.3367321673159384,0.275468
0.184390316746881,0.8974350196078915,0.2253296630793793,3579,5503,0.3380160406223346,0.203831
0.2582788645981144,0.6599742055767723,0.3516915647367254,6525,4585,0.6525744598231354,0.445455
0.653334255456901,0.6591381552077713,0.235705784294828,5981,3327,0.5939310714180611,0.272545
0.7808666823410363,0.6568992478695778,0.1760379881349535,7940,4953,0.5388651205099213,0.52049
0.1747249460573406,0.8916400248810047,0.2563422006774021,5995,7468,0.2406177845756122,0.504472
0.6534727173876791,0.6499942564998741,0.2423735590552368,6136,3362,0.5931500040436888,0.263527
0.1768793747127234,0.8937714676727029,0.2390670064899437,5142,7216,0.324306273129085,0.370703
0.1589989414055691,0.8919989727933105,0.5702816203635555,7603,7875,0.4203779838385479,0.755603
0.180501311835188,0.887214332753091,0.612454243515284,7244,6336,0.6219825100027203,0.689011
0.1884184640240966,0.6532656459163314,0.1551161540533402,3085,4322,0.3557522924522292,0.167281
0.1802081825875887,0.8932795211805514,0.6117559007331844,7176,6647,0.4079074572566232,0.61296
0.1838703325204806,0.90402366255784,0.2380935638730338,5038,5105,0.3206524356555105,0.30158
0.2539526506244289,0.6668810239146653,0.2415265830518568,5090,4588,0.3236165599110061,0.359655
0.9981415363924064,0.8911206408532835,0.2573188783155194,7302,6815,0.3625775633736117,0.565257
0.0721763237417199,0.0252479002851091,0.3085506838287333,7156,7536,0.7290745244072996,3.669197
0.0332533399759089,0.4955858136594214,0.9742939081863946,6908,4662,0.7837361442171065,0.749061
0.0936056699825415,0.567544636423017,0.4668028496115551,5513,3644,0.6291835163946883,0.731024
0.9261031739598202,0.745608146336068,0.589392412190916,5627,7186,0.2372096732594488,0.51302
0.0471024165292465,0.0823983648971837,0.0674550492022101,7833,3738,0.3293409234646383,0.910232
0.6205114592967497,0.695881409844045,0.0906086212731258,3097,7834,0.3912064994229838,0.237561
0.1741688492281825,0.3046889286698701,0.794943101822874,5244,6067,0.5778186566747494,0.555688
0.7568666237535003,0.0783802473019547,0.3122980113260577,4969,4748,0.7743290466550837,0.819519
0.8544277022004452,0.430937512676579,0.9873838461903648,3897,8064,0.1818046353660404,0.474836
0.3848365684515473,0.1185452392406657,0.7844202931915633,7670,6878,0.92420455936001,1.839129
0.6774448068785254,0.3212766652138954,0.1339294779729339,3199,5622,0.0122256371589155,0.235345
0.1742132712157855,0.3189748839700187,0.4995018150604723,4481,3397,0.967605396164359,0.607027
0.5762299261966092,0.8208938287283014,0.1771580306660901,6058,7220,0.2387299294438637,0.451737
0.7192213600541159,0.912097295861083,0.3371732874159625,5593,4091,0.5770941479138052,0.300018
0.9409959684800592,0.162640921406805,0.3984227532319074,5389,3970,0.2913926851160172,0.427605
0.3632628707760174,0.6201748023284233,0.1943987844265028,3560,5814,0.503249151236476,0.245728
0.3746929735552734,0.0486906632125117,0.0195922775727035,7387,6217,0.3637521297048153,2.850399
0.7965049005730448,0.2349203119509088,0.2605315612372781,4230,4753,0.9848511557374804,0.8208
0.7004244941501159,0.7864577281706056,0.9585678457441564,4862,6115,0.609473529767003,2.209948
0.0898977102299347,0.1525487574060079,0.9467803368024778,3388,6603,0.640076660303986,0.421086
0.9793121218968712,0.6028628672998608,0.816056276072369,6045,3301,0.7602327211907381,0.357834
0.6906010521017264,0.0757962533955736,0.2740215468885918,7524,5315,0.0745750227702181,1.335136
0.1508420225462623,0.6625758427324278,0.1082671485243593,3640,4567,0.0614000475517029,0.256053
0.2764541261942472,0.9797316182934194,0.7292512673312506,5907,3766,0.2289078859364944,0.369912
0.6319743669001971,0.5341496609919185,0.7740030252680661,5551,3083,0.6658104255436738,0.300283
0.3904587792999334,0.3368456458051605,0.5161811616081827,5794,5387,0.7076027451353654,0.723444
0.8344068069238264,0.9932047723427684,0.9034413299983336,4996,3654,0.2056832458258878,0.461129
0.6420001200412948,0.2510878923344358,0.4170226985179732,4296,5687,0.2295324556333025,0.374612
0.1949080077288233,0.6889382300853624,0.7546004825968868,7340,4225,0.4008967689655488,0.452294
0.8249754393199548,0.6101840031915017,0.2146298870928916,5676,7312,0.6917719789581322,0.934313
0.8200526525139143,0.0741171755577377,0.2806266882181837,4219,3602,0.4593679225012578,0.357768
0.6914175411754373,0.0730966400851141,0.0808829359356457,6814,4233,0.8920389491741659,1.13933
0.2965817833811808,0.2080594189849043,0.251968192288313,3918,5585,0.2028621302561724,0.328579
0.3444480843964518,0.6848478275913029,0.2811888564641969,5639,4864,0.3840248370178535,0.34644
0.8579505312649663,0.32911762764032,0.928457886058096,7755,3143,0.5043411607739773,0.60857
0.2353079370355121,0.0693894040467943,0.2489968958766426,4343,4965,0.7467067924433726,0.609858
0.1653015043819125,0.5755003692942954,0.6612494844947228,6889,7637,0.2827452846839482,0.959096
0.0744264987958681,0.944061109559416,0.023029724339484,3923,4349,0.7565193240559233,1.148464
0.1486575419806389,0.8602297138868791,0.8480687043924933,4827,4583,0.990954301800295,1.422384
0.8607223916928188,0.1654810869407692,0.9343558555083848,5008,3853,0.8049927109605781,0.430603
0.7494917905785885,0.0319335399179786,0.7151864959732386,3155,3656,0.2291287247729854,0.466452
0.442915452325162,0.5943083481613043,0.0104173142139946,6703,4765,0.5642031129473298,0.493271
0.2993261494008106,0.7593103210639193,0.0645056109321291,5489,7934,0.7796198283973658,2.876087
0.7916979395948849,0.7364667992309932,0.1418115233357746,4144,5288,0.0474845632476237,0.327499
0.521309394649081,0.0945839275666072,0.1052020603227843,6029,5735,0.1364309953867327,0.93737
0.2045284773022493,0.7398905351354935,0.1250704905923008,4362,3113,0.4719506734586453,0.177921
0.8872814076259125,0.7348259665176071,0.0854357383399736,5553,5363,0.4204944436272112,0.383776
0.8959211711865848,0.6523430397270058,0.0867229355881099,6675,3199,0.6549502817173286,0.249746
0.2049341390730853,0.9071684620350344,0.2489631846476702,3802,6488,0.3980536916866744,0.22412
0.1889410545525617,0.9075183559895904,0.2464942209777154,4886,6817,0.3052656027912442,0.321975
0.9097941047211264,0.6625115907941587,0.0894162478910986,5475,4209,0.4739785500187937,0.266691
0.2021272378584873,0.9091844892254004,0.2492003333703468,4398,6346,0.3161222024168504,0.27452
0.2097861328756016,0.907536535406028,0.2475748210909414,4326,7860,0.312079869048843,0.316623
0.2040667683336677,0.8261810181498421,0.2644830555348965,3521,6222,0.4012554391901267,0.222546
0.2075898888977256,0.7351843161162293,0.1201739843633933,4172,3731,0.4681812122987236,0.2047
0.1548280766201878,0.9194639064585584,0.2480727903356906,6458,7855,0.2567482491365662,0.639272
0.9042970231216964,0.7110985265504634,0.0788591170155926,6674,5896,0.4765420302555367,0.44631
0.9000993416763842,0.6619682853789048,0.0867220041158363,4782,4426,0.4733377319129292,0.251391
0.9102790003633572,0.7072478618771196,0.0906426126858575,6836,5140,0.4812359703471794,0.396173
0.2025034036753184,0.8191252067498005,0.2622419921757996,3734,7401,0.4018764942001753,0.27924
0.9003001398807265,0.6918231845049959,0.087612044797547,6795,4667,0.6629921290062596,1.179664
0.9082284043020686,0.6556720423977084,0.2709204349682884,7722,3324,0.5956150935512157,0.305657
0.8820959500014479,0.649342131809654,0.5180549669297888,7415,5102,0.5985050691826905,1.545755
0.2476933732097419,0.6029047984041157,0.2610678357961546,3098,8025,0.3988531142207167,0.26551
0.8935949937392348,0.6636193001135171,0.0845068956707346,5270,3833,0.4707982984504342,0.235918
0.9077809386887374,0.908110634603927,0.1170327499440133,7179,6298,0.3630967949489822,0.490353
0.910577650935644,0.6515358655427134,0.1224736076819956,7279,3882,0.6143410779625149,0.343194
0.2094147826871825,0.595529208803681,0.2579510490018495,3942,7515,0.3138654428462244,0.359602
0.8858735629622861,0.6904158137326816,0.0820791959311098,5663,3456,0.6798571444398303,0.647868
0.1555114670261278,0.9032712431214855,0.2477529355520131,6933,7614,0.3166634325241215,0.567409
0.1550811537532747,0.9025528886245464,0.2461456044145368,7540,7459,0.3198323406345179,0.625367
0.189035102002404,0.9074709651408256,0.2479188874565084,5394,6549,0.3030785801570063,0.367342
0.905085307408008,0.6626630142529014,0.0793289360577566,5627,4901,0.4691781223795815,0.315238
0.1947990575970459,0.9035260995285892,0.2504657110344878,3220,4734,0.3998773454266282,0.167505
0.904539860240136,0.7110538866882994,0.0842042558860432,6246,4971,0.4825211835246452,0.359717
0.189127068531648,0.9053090989818952,0.5294441994820441,3325,4093,0.4776305658558627,0.195764
0.2051667916742169,0.9081311243613605,0.246877150742395,3814,6632,0.3993544807067817,0.234395
0.9022291064703198,0.6597023411226651,0.0790071590116868,5031,3747,0.4767350010179345,0.225061
0.1888441674545698,0.918197495262328,0.2482553056210568,6002,7404,0.3000090559456923,0.541328
0.8898258709280008,0.7131622075274243,0.0784393762917786,6061,5193,0.4904549827586729,0.331249
0.2633499777016038,0.5365676451951745,0.6874167121844863,5790,7364,0.6375411632652113,0.983439
0.4750992258543866,0.0397344262672711,0.1422761976302626,4540,5742,0.2471560331208289,0.987944
0.7957631572677608,0.7798034772852035,0.0024432950494325,3588,4874,0.4507212244110988,0.229664
0.5704002888379247,0.1014575344910247,0.271462637293148,4151,5142,0.5932595393052185,0.57983
0.8774106591876814,0.8606406617041279,0.6801815241835321,5981,5838,0.367960366250662,0.509266
0.8653650571292818,0.4403457242092138,0.024979620486763,4632,7611,0.5716112883231097,1.167794
0.9176985915069986,0.4682087388287447,0.4263019151758155,4018,7902,0.673664577277451,0.574867
0.7016047513840385,0.7085721803444153,0.1832294125429844,6059,3688,0.8147715914971477,0.297569
0.030258650690389,0.1626270741464177,0.6564287972311855,7673,5355,0.7264506335697741,0.88015
0.1597616453588551,0.5021146334181701,0.1505771997214797,3876,5886,0.7418154026150533,0.373864
0.8894701941232667,0.5821068381566451,0.165118517345859,3292,3316,0.6692830765217616,0.202417
0.8354288156513328,0.3844711652762326,0.8831908555355522,4983,4752,0.3083829016744215,0.422145
0.5234867871006946,0.1635895608766265,0.5174959062323534,4634,7668,0.9166017507630216,1.455266
0.8350596147302383,0.6295087753112608,0.976994655351312,4870,7150,0.8609536367875893,0.899973
0.2291184021627783,0.9597321787685652,0.3874481191180359,4598,7577,0.0960883317686264,0.490139
0.0351369325100962,0.0208281658937224,0.5550685909255907,4946,8028,0.605806253748074,2.263213
0.413685151395325,0.0292143039943328,0.1657132136270317,3316,7502,0.6030239411510084,1.524783
0.6202757326909563,0.2978586905306676,0.4906504590179639,5428,6876,0.1416702125459248,0.793907
0.986160402728096,0.765944316968286,0.844922602989338,4077,7047,0.5312373665901606,0.493639
0.6948962988460338,0.3762728477000582,0.923536843409598,5541,5310,0.2558118389158323,0.532148
0.4554618737642366,0.5881248184018848,0.5394174104985952,8068,6452,0.435201806094761,0.780122
0.7416759160386716,0.8608644383560057,0.4728439461721549,6954,5525,0.9231069476220723,1.198181
0.9907975597736296,0.6677016532167334,0.9342804786559044,5040,7233,0.8870472448323555,2.797165
0.4598401705294968,0.162430009000446,0.3652097093993413,5737,4186,0.4070875237009769,0.489461
0.1103474835679724,0.5721749593719985,0.0579455826854996,6066,7455,0.2883831864251318,0.570368
0.5231500534958171,0.2505536890327433,0.0262387424727585,6766,6467,0.4168403213775729,1.465748
0.2104777978730111,0.9517822856631488,0.5816994860990757,3149,7659,0.8361331573493832,2.534672
0.8455400818842672,0.7149293362801342,0.4800326885999232,4703,7245,0.4478896811518967,0.391002
0.1711691366897684,0.8953796652706318,0.4931261999901063,3609,6575,0.4946378216556933,0.249983
0.0262745442517122,0.677052393753145,0.8765041597435157,5635,6492,0.7295140982892702,0.869551
0.3901028359845025,0.9382328167904214,0.7007744667924597,7669,6181,0.9990437847047352,2.675269
0.7908211813036111,0.136227441750202,0.94631928500134,5173,3738,0.3076144373476058,0.457133
0.897346792913229,0.3284012708589572,0.7950752963603788,3701,7062,0.3975300573534258,0.510148
0.4757397127448244,0.4723527131453737,0.2893834402471882,7082,6212,0.5888590203680971,2.0704
0.0695768670069054,0.5310498804951835,0.5110234383369581,4018,4151,0.9893227809623047,0.950558
0.0019095740654381,0.7654701354895089,0.4099639205920368,6789,6381,0.9739110576058232,2.518029
0.8202189894564564,0.3814667837934298,0.4704496300704651,3268,3589,0.3550569734889804,0.200124
0.8879669100281151,0.729508059999302,0.5788874341008377,6006,3580,0.7355805266344645,0.536879
0.0185505016817116,0.7340588865867486,0.294323715532971,4555,7501,0.3643911003876943,0.384069
0.9999524689545458,0.9029357516841674,0.091832434137311,5317,5926,0.2721734182840971,0.369045
0.9924622725258778,0.7021733677011744,0.0990038587286314,7988,5474,0.4779526873889831,0.546036
0.2015176687247684,0.904481680990462,0.2465488845553215,3764,7311,0.3825557083161924,0.235705
0.9665169315382096,0.9028598974863196,0.1025315771105412,5656,5632,0.3198083373110708,0.332092
0.91645515536255,0.7100561113067739,0.1025536623591017,6420,5074,0.4778923763960838,0.388767
0.9524148140297404,0.9027278455583264,0.0987040657531632,6484,6677,0.3620504283718526,0.443796
0.9575640554371688,0.9490734214509068,0.109950301963743,3431,4570,0.4113277912809236,0.17219
0.999455110255152,0.6036784378157862,0.2705113886731114,6789,3754,0.5030931045855432,0.332766
0.9563630841785566,0.9027641202856448,0.2184335110307729,5557,7618,0.2694094076602711,0.497444
0.2054006321145718,0.8224814063421847,0.1344503103277772,3943,7494,0.3086683073214452,0.25879
0.9921039764502092,0.7102914552961727,0.0907455075274997,5919,4856,0.4667472233924745,0.339793
0.9296156534271416,0.8270473079165948,0.0967755817665292,4679,6128,0.2675157247532379,0.29406
0.9632820688484882,0.6217016105325665,0.2701059459989989,7009,3922,0.5933695180126942,0.343923
0.9868853977603396,0.9485064527140532,0.1118169490790341,3793,5251,0.4770615569258711,0.263268
0.7001357608465256,0.6659567502795466,0.1067075824629222,4629,3483,0.4684996969535469,0.226004
0.9618433513485668,0.6003320635611789,0.2735001348513957,6921,3207,0.5754411239451445,0.280334
0.9694237650934002,0.8257502683466275,0.0977459032941773,4437,5432,0.3919698413022643,0.25561
0.9663506131499456,0.6553210973290553,0.2703563433923959,7103,4569,0.55898983709447,0.436065
0.9659838081919088,0.663412714955924,0.0981474415479905,5772,4285,0.5052570728480902,0.358469
0.9714832529414872,0.9029115801537896,0.2143855517353142,5140,7495,0.2722094551451322,0.434233
0.930746989578118,0.7298725534477288,0.0931616216091878,4507,4463,0.4619968641452092,0.255535
0.9296882228626164,0.9031006552111204,0.0945114057676476,6082,6869,0.3196614014317195,0.397907
0.9991674053310056,0.9030870837086834,0.0953648639796199,5396,5608,0.270424713647562,0.369225
0.9142666691869886,0.7057698564200111,0.0956235744260847,7539,5061,0.4787842593086845,0.40834
0.9459975516176428,0.9032702688143884,0.1011367289405421,6068,6390,0.320060859596838,0.392274
0.200764570291447,0.8235565558937435,0.218399224119945,3090,7260,0.3798996525072455,0.194998
0.2019526803849768,0.9046360232620516,0.2464349974640196,4181,7863,0.3171053355333511,0.28152
0.9320341487551684,0.7088222234950707,0.0951202632524351,7066,6009,0.4799928440101573,0.496043
0.6501424725341135,0.6052714889951493,0.2829828998950279,6202,3874,0.5150231432638515,0.322717
0.9158354597719652,0.6649398751268168,0.1001760356383288,5626,4714,0.5069475703442067,0.441243
0.6504358557103942,0.5997758520916824,0.2742821104734804,5430,3281,0.5671236754980684,0.244648
0.96151842133841,0.6247587561709249,0.2703014882211347,7971,3953,0.5920784693095414,0.381293
0.962419598811502,0.8158594000830721,0.098780680095874,3990,4712,0.4766900173076988,0.223762
0.934786515464616,0.6648718311009726,0.0962119899631604,4610,4386,0.4626193787771379,0.242869
0.999105094580252,0.7105396599279954,0.0978678008645643,5375,4540,0.4779418974140791,0.297884
0.9547926294964398,0.9027787978197844,0.0960524794328003,5292,6654,0.2675921667163888,0.384432
0.3379212955685081,0.8296969497759394,0.0964888726471115,4344,5912,0.3957083634073827,0.250064
0.920528692570324,0.599905264938661,0.2711424806324796,7559,3444,0.5462240311765161,0.327308
0.3777029419152401,0.9478409693970976,0.2500813882872381,3569,3663,0.4770202073349088,0.216491
0.9727946600886332,0.6648687098987275,0.1021057253969283,6286,4450,0.5030269623781239,0.40469
0.9767858870834364,0.6536664275470004,0.2711667219199382,8005,4279,0.5578638688959687,0.434961
0.2220100580589918,0.6306526488737335,0.8503705894592803,8021,5501,0.1709355977784065,0.92525
0.0820784479240439,0.1186783303779239,0.1532982889139483,7595,3810,0.1599269006696141,0.605375
0.8040915658808075,0.8832054467926667,0.7259211397904881,6476,5063,0.5082083189943527,1.651185
0.9813050220228944,0.4972058747602212,0.2722649253026603,5485,4051,0.14893054833014,0.383255
0.8641007017617083,0.3917086592851827,0.9206847495042892,3249,6589,0.8765294449511857,1.410625
0.0520720332459905,0.2077960190448999,0.9887595071598478,6730,4430,0.3336696939707317,0.646783
0.4020886296692872,0.4417427092593474,0.1594061301738643,5117,5521,0.0523651905149963,0.518219
0.0779520166061005,0.0999612639565569,0.984920407793806,4831,8065,0.3939455142166652,0.939999
0.6624140340214003,0.0107451702651799,0.9516135965054688,3129,3273,0.8896379912172099,0.743902
0.2151841993237466,0.5055860792072608,0.9102336340403956,6297,6301,0.9591947298930976,2.109031
0.275321537476903,0.3312517735099733,0.295786809450219,5398,5457,0.7928505299419326,1.378905
0.6465313826776982,0.111706893628136,0.4000728591827502,6429,3435,0.3384477080860507,0.451841
0.0724648311729735,0.2088043610299613,0.820002223787792,4434,3081,0.9396836507445012,0.430007
0.3376537661011966,0.1737759753177676,0.2287398135211924,5082,4723,0.0304688738848022,0.515872
0.773369292631609,0.2411428975431111,0.7483725810173025,6356,5684,0.9395971645784852,1.370118
0.7819727007911514,0.1687842606174031,0.5842278292145759,4681,5499,0.2004601600989491,0.493989
0.6839742150460189,0.3199903416250416,0.2579358277993909,4565,3598,0.2815984520606697,0.251715
0.170494836597902,0.2186465023232423,0.1380964924691957,5060,7629,0.1213651822548874,0.672851
0.44642869817817,0.2449384775138168,0.8992376626541599,5917,3214,0.9463650822479556,0.542778
0.9284608577472676,0.9249265023201044,0.7857757080537935,7156,7729,0.5553513815366363,2.063969
0.4886207112275086,0.116560839754384,0.7421596509870613,5700,4110,0.244997105238974,0.587486
0.1163872206209086,0.8203992806527581,0.047391883282132,7410,7770,0.0145524942066519,1.005486
0.3849335475567076,0.4625904660219391,0.4546186648987278,3572,6738,0.9827271046293372,1.687147
0.0287771682440336,0.1379473202903545,0.0977182303967555,6342,5652,0.4798920048531266,0.902625
0.0353339689680652,0.0374773658672993,0.862684023815431,3312,5604,0.8095927864138749,0.622863
0.1488625262294238,0.9294202966539136,0.0628646133955128,7179,4096,0.683695005512581,0.324344
0.6468381917364766,0.3784294877164559,0.8617368952692926,5525,3910,0.4916138782793358,0.380758
0.0310565865617828,0.7040355422183309,0.8831955243269966,3142,3370,0.3382986065695587,0.202577
0.5953065093272772,0.1095933283640542,0.0770620843251901,7249,6974,0.9580896480329856,2.551585
0.395739590528565,0.0886909129712218,0.0837458000903542,5366,4352,0.0244826287870522,0.642212
0.4451082686187669,0.4629749920395436,0.5057582772035661,6948,4133,0.1486003916709618,0.49348
0.6623012486642289,0.9177470907968168,0.0772810471653397,5228,3723,0.8859923914993264,0.873427
0.134012830003408,0.1867134682814736,0.1361876641770967,7739,3321,0.4679420824595519,0.419739
0.2021506423041326,0.5989717842588427,0.216729626890089,4300,7952,0.3085085204475226,0.442605
0.9237032370960542,0.4628093569646901,0.0789453620799595,4747,3578,0.4750838544262879,0.218224
0.91900290702067,0.4253821867578389,0.4022418311893254,5005,5518,0.6837205548366664,0.48796
0.1577231732309066,0.6619626673513207,0.150353501654514,3329,6744,0.3406203491007266,0.216869
0.3185785361313755,0.8219707273535674,0.1325568937130785,4822,5099,0.319993378240871,0.267493
0.1742632671457515,0.5979049130427411,0.7502418486754331,7813,5234,0.5977657357017895,0.630312
0.1745026648256535,0.5983002107750308,0.7692614466050548,7592,5834,0.5982591374897747,0.704844
0.1638526463520344,0.5362760518821791,0.1530277519969632,3426,5484,0.3392822482105715,0.186174
0.8405040312273859,0.597306279627547,0.4515366812426398,5933,7619,0.4372159961513059,0.685006
0.1678584376132018,0.6737442472575242,0.7752773036613434,7810,3498,0.6752685090211988,0.418538
0.1654452430695482,0.904142678055334,0.7594536459928869,6644,6251,0.4829304445499706,0.621563
0.7268273131913712,0.6274981220604524,0.1742006107514276,5579,3959,0.8699422986182135,0.381242
0.1700374567191125,0.5864858242473712,0.0759608339743175,7359,4316,0.4779174337645365,0.351073
0.2269803186425161,0.5927406024092907,0.7532763722139141,5016,5753,0.5047550876710665,0.522285
0.2019342700561386,0.8214207556580103,0.1536392748342062,4220,5021,0.31779301658595,0.226945
0.3224662221619563,0.5948245659723576,0.3932766461969232,5032,7736,0.4409874026232221,0.534438
0.1920951116390861,0.8213073598024488,0.1359805745771484,4641,6625,0.3183728835667637,0.290516
0.1672849787813357,0.9019664274161224,0.7491964154884386,6555,5124,0.6730228797923552,0.54306
0.1714609638867165,0.6012370529004748,0.7532615891303103,7829,5131,0.5964864248146227,0.615516
0.7267756512902327,0.49190283453535,0.2153232713688124,4458,3936,0.6909697737698379,0.266361
0.2018789105391693,0.5995749611506217,0.2140547367700093,4106,7665,0.3095911898938572,0.38233
0.2019010460461816,0.8217043321379874,0.1492121209382952,4304,6618,0.3178894236401837,0.265411
0.1890515980882786,0.597133144711323,0.7632645905217196,6261,6141,0.5047498685969202,0.644072
0.321716097573778,0.597000219640006,0.460672405276627,5579,6306,0.4537524535939928,0.514675
0.1722871992719924,0.6003993975305403,0.758534879591282,7815,5057,0.597003712918949,0.610402
0.1619413046347181,0.1159615660677726,0.0812795220468755,3736,4090,0.2873741616152596,0.249587
0.8791066447773848,0.6026070676618136,0.4596997506748159,6049,7914,0.4372906993044752,0.676762
0.1732639563572115,0.674497943722264,0.7504474851256614,7991,3512,0.6757397644253127,0.425182
0.9226012720688386,0.6007078994494917,0.0951424326509714,5288,4623,0.4770731727836348,0.309137
0.3276308559507013,0.5994879206802892,0.1249960790391075,5041,4778,0.3188249155207119,0.304788
0.9265864486814748,0.5981245040199467,0.1727465184721191,5516,5033,0.6909293331243341,0.402858
0.9880584218290844,0.4897852349321592,0.2534424247854526,4338,4532,0.6752811584288403,0.305119
0.187966255202072,0.5995452152387684,0.2174393373326737,4766,7861,0.3091004474488584,0.513907
0.201785091006433,0.5988562988290478,0.2169637594925896,4295,7621,0.3091781628192874,0.412169
0.1879172460466953,0.5991902185853849,0.2138633936894311,4702,7534,0.309155656583321,0.464712
0.3227059309094823,0.1466310262829797,0.2715009161073099,5449,3214,0.4613047687818881,0.302511
0.3343652933211932,0.6000814879617372,0.1328291965207057,4775,6230,0.3156726286843456,0.366067
0.9088425823077696,0.6025080643648173,0.1482905779489107,6022,6072,0.3168952874363401,0.448525
0.8810911506896499,0.6022517361629897,0.4578609883790346,5592,8004,0.4404236167658279,0.64109
0.8377985512950255,0.5966098028622635,0.4562858467002826,5369,6670,0.5047684964179283,0.594377
0.1747195053313747,0.0932910150505963,0.0840865204511346,4204,3157,0.454403700541984,0.30586
0.1880995399241133,0.5997002343551485,0.2186458006051933,4688,7328,0.3084323329384103,0.446659
0.192743984649061,0.8226847298573962,0.1381484446427545,4627,6563,0.3188536077768211,0.288619
0.8230352871030955,0.3366363634666163,0.4560596114412772,6917,5212,0.6849742830088285,0.601187
0.1744064059368966,0.5991195675023309,0.2187482505198724,3921,7337,0.3083153918967577,0.36892
0.8368446853131148,0.5987997168005981,0.4510042903648209,5972,7287,0.4425344175748961,0.637613
0.328268296595063,0.6000288529389162,0.1249289386744156,4835,4494,0.3192682444618003,0.276621
0.1866976515121524,0.2843807381917183,0.4470713924201112,6860,3779,0.3626153693691005,0.723849
0.9103098302115484,0.1831065150348586,0.8648197458649886,7932,5450,0.4370704202684867,0.878594
0.1557896569546936,0.7976917754932402,0.1697355655097261,5436,3333,0.1766851973316129,0.262813
0.1271792502125448,0.4370036550361178,0.7917742875370753,8010,6943,0.9644797028208214,2.600204
0.1948199853082484,0.673387609245317,0.799053283905238,4884,3303,0.0612395040152494,0.403973
0.8095653712989994,0.2313129918218398,0.6382692800582906,4640,6741,0.8944726903428236,0.802008
0.272785612954984,0.601277049958367,0.2908882588832552,5294,4112,0.8034614632886616,0.313276
0.8164158290759824,0.4744808095966025,0.7478587544860885,6534,7603,0.7304310170327797,3.05662
0.4265461643662634,0.4017166366393843,0.9977767527425424,3203,3727,0.5691013899921659,0.262985
0.5055061897130566,0.3841284842499338,0.5703061268200267,3641,7572,0.6128641579160078,0.464811
0.5278767743739614,0.5089405911813966,0.4450874848796712,3191,3970,0.8077856740018899,0.439702
0.4894840449230834,0.4165077662515833,0.6587108103227822,3743,6577,0.4344066862479755,0.363924
0.0756579525256533,0.6808960259055064,0.7444957861303843,6366,4024,0.6905332437594739,0.451888
0.8206355659619936,0.9475470918970744,0.3843320503222446,4471,3465,0.6477033141259905,0.231935
0.2797483331984299,0.5352985860530428,0.4076057835911032,4891,4518,0.3476868859487247,0.338868
0.3116423354159416,0.7189797091841191,0.3996008337639506,4217,4326,0.6958309217763067,0.316144
0.4615355344431956,0.3402726422048417,0.0608938472254615,5866,3821,0.4225035215478431,0.28805
0.043310460811239,0.9977176446313044,0.043631583366003,3221,7810,0.9129071421166104,0.98845
0.5353841967882491,0.7252886940535609,0.4306975340506891,3823,4089,0.6661571213748787,0.364582
0.4874557403738155,0.3710590145996827,0.1964768034456464,6166,6579,0.6779889645728562,0.749506
0.7865033116549079,0.3811605294242408,0.5548212183439601,7160,3765,0.94510617900899,0.846869
0.776406075894988,0.0342842798141027,0.5163347690996303,3953,4408,0.9929541287295148,0.817338
0.6735537986565837,0.886895858887787,0.8196728089932921,3983,7915,0.0885129876471086,0.419458
0.5810484561206702,0.882733301702566,0.8316241479790283,5515,4183,0.6583275904655072,1.2232
0.0781429123346175,0.2608770620803669,0.9498363143643872,3462,3227,0.2434459854947798,0.263797
0.2421816037202891,0.26006951262258,0.7896839437172497,7289,3643,0.1608801164727742,0.975596
0.7247959003964166,0.6539709155852412,0.1652540719132462,5726,3850,0.6496852329625582,0.289169
0.1638384912405462,0.9341879408578132,0.0984657811443573,7678,6771,0.3640567905664548,0.506528
0.1621364251049454,0.7005766543893337,0.0907630337716715,7183,5097,0.3624568784211417,0.382127
0.1680196783061736,0.9306926874503813,0.2472796735274832,6020,7494,0.3198096065654994,0.477404
0.2665353235043233,0.4326083906654161,0.1317755169306779,3487,7756,0.3176294921045814,0.278415
0.1598709061272294,0.932907102671418,0.1511178218371076,5904,5786,0.3209538991613895,0.360111
0.2477390937117206,0.6634440987055223,0.126239338312893,4485,4188,0.3304797334466589,0.228139
0.3241606705225841,0.7144231242002688,0.1357599507271458,5677,5996,0.3217950441211363,0.370409
0.1584274166810326,0.934326342006408,0.0981461437750063,6592,6418,0.3636808454286649,0.401411
0.9041722070164302,0.6961067204119697,0.0854142208239522,6512,6049,0.4772250196298104,0.780612
0.196876622690984,0.8240177307553176,0.1376900186901709,3671,5942,0.3886558846087145,0.212911
0.1603598225756551,0.82461452038817,0.1352354117601944,4377,5940,0.3598796382742233,0.280397
0.1563388566743406,0.9406782338994776,0.0981646654429624,6748,7205,0.3912350974087963,0.500427
0.3204272648074989,0.7103120539224355,0.1366995456699507,6097,4836,0.3304318839216545,0.367471
0.1987322317221731,0.8229743043667131,0.0907124553324792,3402,6708,0.3946254014115662,0.183303
0.3211280338904359,0.7162723316610715,0.1366276873557543,5958,5017,0.3321647776866377,0.339247
0.7192021584977387,0.6091031108279956,0.1635823747971779,7267,4673,0.6897621730934366,0.556674
0.7207296865030721,0.652823515565927,0.1710937351812436,5257,3434,0.6461646829693527,0.248559
0.7245000467590617,0.6081240061376019,0.1722502013998477,7004,4503,0.7366914225320014,0.528953
0.7110960775479406,0.6103101425556371,0.1722014916227998,7126,3163,0.6468178760393943,0.618654
0.9935891737978246,0.823235832860819,0.1381113943057055,3653,5827,0.3389035597026596,0.208658
0.169501849356658,0.9314415773137068,0.2470637154566435,5852,7254,0.3198100187685091,0.446573
0.1570311280524515,0.9273456617817144,0.2471300188787406,7067,7523,0.3192377407888335,0.590702
0.1637870042272004,0.6154256754595254,0.1533268906915356,7841,3208,0.6061667559772745,0.609809
0.1615936729342057,0.8244938305565368,0.1525618594411403,4220,4050,0.3900405664511174,0.211188
0.9824854432251898,0.8247775947486087,0.09873535799685,4391,7935,0.3903288273652869,0.298838
0.7128819292510191,0.636479011198158,0.1646532118652373,7410,3973,0.651561923194552,0.633824
0.1576739061773435,0.9321061685087204,0.0984790662220386,7553,6124,0.3634469589356073,0.464976
0.1640276371085379,0.8239236309745234,0.1353235323556618,3974,6551,0.3986820781488973,0.249325
0.2367556736235061,0.5228959712940514,0.1406316861914334,3102,5077,0.3328101866985165,0.202157
0.2573729979103105,0.4343431898054122,0.1304677232187659,3463,8004,0.3183382676840283,0.280839
0.158735216847343,0.9353965590557332,0.0981925460889713,7295,6107,0.3634869066492328,0.423723
0.158202060334485,0.9339412732326248,0.0911842825489097,7840,6633,0.3640618051383918,0.504686
0.6935300033925947,0.6348852808992828,0.1912538561904487,6061,3501,0.6467324432229589,0.512566
0.1590752653830502,0.9426549686133284,0.0983039966422355,7304,7107,0.3635237737782739,0.6509
0.2566150723866846,0.4318622400361077,0.1261323530892383,3349,7441,0.3171415163997158,0.24955
0.1620220315379273,0.9310689791777932,0.2463465728316884,7927,7401,0.3201934411015091,0.68514
0.1642416943093225,0.4948078674745017,0.1555563541208751,3267,3588,0.3147460481989582,0.140483
0.1952751049466071,0.8054430668472375,0.1376841298757091,3753,6590,0.3905165778096588,0.29728
0.2002264652539412,0.8252800248620903,0.1346836012642038,3573,6001,0.3873749204132253,0.204888
0.1623828951305245,0.4841760952798908,0.1367400805003417,3207,5746,0.3566348088197927,0.181927
0.1594066169120308,0.6168832092780749,0.1570325280836458,8061,3161,0.603193133078274,0.603017
0.1571534647857047,0.9332338265188668,0.0980267954471558,6203,6305,0.3205238368778575,0.371393
0.1609515391500682,0.9386364042332151,0.0981094752532773,6315,7340,0.3199766233363948,0.42568
0.1623637190063139,0.8225179131026668,0.1345262573852475,3982,6753,0.3902812043212807,0.277596
0.1626608062123101,0.8247830214650643,0.1517509816527734,4104,4734,0.3913134014657295,0.233496
0.1563759905434706,0.9326327783577272,0.0906565099429828,8013,6042,0.3639665960969357,0.484894
0.1655968734241453,0.6509965249247122,0.1734426118777991,7169,3974,0.6464593716511529,0.354368
0.7133701597993453,0.6339380959167119,0.1617194185238337,6535,4001,0.6477299220356194,0.617261
0.7216073388323457,0.5223609773556843,0.1597403536107992,5206,3762,0.4769644093141961,0.389182
0.7228854910110971,0.6092111636671232,0.1671750961693506,5941,4292,0.7383553718233239,0.450755
0.7143350593516687,0.6307006978968044,0.1723635029719958,7202,3853,0.6478644688129638,0.418579
0.1981895577494069,0.8243352919281095,0.1364546069360913,3535,6296,0.3974840381288041,0.203394
0.1991157689730161,0.824368528944363,0.1356411907738681,3417,5991,0.3998443431171593,0.190294
0.157883989507757,0.0730503850341492,0.167979007050245,6655,3551,0.1230015543818776,0.760252
0.2307245173693269,0.91907893377786,0.1855801505520415,6480,6557,0.968617537186148,2.752881
0.7185267528272937,0.7250236048800862,0.9784801254515182,6823,5519,0.5028899461683317,0.797277
0.7397351058938324,0.9620553267751752,0.6240746732071479,6726,6574,0.0252492249666942,0.989102
0.159403520209698,0.6643395427580356,0.4660699528535843,3948,4133,0.184755289779643,0.241831
0.3486631383145731,0.741980520575537,0.8069878072055262,6331,7668,0.7016686613005749,0.928686
0.951065045572175,0.3316810180548112,0.0334611274880685,7903,5363,0.8132714535978408,1.841438
0.6009030516298729,0.2299586157717298,0.5842814249689856,5671,3565,0.1344830395043177,0.442836
0.1197815871563997,0.0333337630777055,0.1463559943166289,6955,5807,0.7096663896176734,2.714417
0.0486026611797336,0.9335384497235952,0.3309932964487047,4525,4234,0.1549136799782797,0.267431
0.0408496461481376,0.5100853925566277,0.8836007129744082,6937,6615,0.2044793225341949,1.044293
0.6377791539615855,0.0600066231232852,0.5073935945065319,7207,7045,0.3189133830961168,1.819081
0.4303906101775143,0.8236880221583167,0.0972813961583526,3918,7827,0.3170156023527365,0.241395
0.3189711244426231,0.8152032504176657,0.0789891860790064,5142,4075,0.3166568812967289,0.231253
0.1633186345203575,0.700875039834872,0.0792347721372484,6178,5089,0.362269321637211,0.348055
0.9252305467307668,0.9027797961842208,0.349074142326486,6742,6088,0.3568135760648006,0.489182
0.1618689774060417,0.709437640422034,0.0806804372980385,6151,5324,0.3619905948971599,0.367167
0.2018700311457391,0.8233279221352635,0.0940891427466455,3358,6680,0.3883922468192444,0.180574
0.1560757613798986,0.9037978402798318,0.5735954268481335,7881,7137,0.453111227167132,0.802869
0.1687950366381859,0.7068707282774758,0.0790192030456644,7529,3824,0.4780877493469793,0.302883
0.4363087303660732,0.2506382545622944,0.2487058504821701,5776,3508,0.8764630117537369,0.650993
0.3951764180525477,0.2427338715634451,0.2722614072231448,4714,3734,0.5261032628091004,0.279988
0.1608466291757454,0.9036813424754068,0.5728321854727567,6117,6806,0.4530367658467888,0.539013
0.1619495713897067,0.7053167011974084,0.0791356078949455,7371,4757,0.4787825494101743,0.369821
0.3060441267616121,0.8248073014743222,0.0985234857276083,4133,5691,0.3150762445647124,0.228869
0.9242502672768153,0.245860915486182,0.9424200190419912,5578,5312,0.8726155471076857,0.661308
0.1616257944044915,0.9036888014150756,0.5919070389168826,5376,7005,0.4574091139036563,0.44248
0.322922279026522,0.8225316003411042,0.0981904114245814,4598,5689,0.3163342224483718,0.288249
0.9084711156680166,0.8952104951864038,0.4448892206438888,4600,6717,0.4196444659520004,0.341504
0.1569567655178375,0.903928506366302,0.349312749690815,6816,6962,0.4539923653472301,0.541752
0.9239474231053224,0.7059981317395269,0.3977274257760674,7826,5456,0.5936584303820858,0.612558
0.4130387472280278,0.2508055353782152,0.3979832462871048,6065,3215,0.8741622296546647,0.57877
0.4238095358233974,0.8242079571648416,0.0965980302375006,4259,7430,0.3170404544149955,0.269062
0.1657714538986781,0.703855800182974,0.0791168378802629,7687,4440,0.4828013386124345,0.385356
0.821085097660305,0.1195594517413292,0.2713697426510985,4336,3468,0.5938790348291716,0.259993
0.156419006567398,0.903344508705284,0.5760916928037493,6486,7080,0.4516217091456755,0.58319
0.1621568370485152,0.7017099660133448,0.0815320927583974,7034,5403,0.363286194018109,0.405124
0.1569863555317251,0.9339969243738184,0.0958612644685259,7160,7617,0.3181256855333326,0.547241
0.9218368616959688,0.8236648612752859,0.1288239768263875,3083,5485,0.3158071484032871,0.154078
0.4237663381877411,0.8239795959089998,0.0975075266515053,4278,7658,0.3168149930163474,0.27041
0.1613919487030962,0.9367757623668408,0.0799081467650292,6966,6082,0.3633792057975868,0.400272
0.9071849198549682,0.2426224380024341,0.4238971465809978,3919,5294,0.6932969800967984,0.360448
0.9175102169138024,0.2429810448880254,0.6356121359981199,4365,5260,0.7164421938042398,0.587389
0.1564900940642266,0.1244064787355306,0.39285749427624,4038,3321,0.5264337908093302,0.423744
0.914565165377537,0.6605934405007923,0.180705001744089,7740,5205,0.6839264329392167,0.603484
0.3959250768966233,0.2233349422726047,0.2733272486825464,4716,3153,0.5290893836428104,0.421238
0.9200161047150384,0.6002351029781783,0.1743674941382249,6422,5632,0.6857304484789596,0.536876
0.1616905435811922,0.9034710745194282,0.3486788047699951,5825,7846,0.3169542798206347,0.467756
